threads,seconds;
1,0.027373;
2,0.004838;
3,0.005031;
4,0.004888;
5,0.005467;
6,0.005655;
7,0.004901;
8,0.005171;
9,0.010275;
10,0.006280;
11,0.005164;
12,0.005189;
13,0.006549;
14,0.007701;
15,0.006850;
16,0.005393;
